filename,width,depth,hemoglobin
rbc_0000.png,5.180893622406348,2.0161195247908807,11.618235261799903
rbc_0001.png,7.042393626128767,2.6746450764204526,14.19988147355659
rbc_0002.png,5.566818782052577,1.5138508946459837,12.833121862917187
rbc_0003.png,9.600177305000521,1.4630624632257965,15.579813293200708
rbc_0004.png,6.419276922092027,2.386809711632826,10.64258141923827
rbc_0005.png,7.990718025511096,2.9263082057539385,11.901112611702967
rbc_0006.png,5.440687750874482,2.299135665103348,10.647855902920494
rbc_0007.png,9.931106518252935,2.0203989346840556,10.038241575130431
rbc_0008.png,9.167859130513136,2.7562038843675625,14.931613117807554
rbc_0009.png,8.93597968478687,2.098174061273352,10.80668304394146
rbc_0010.png,9.58869707842972,2.214365200178804,13.05911739460419
rbc_0011.png,6.895495715755567,2.5262938869522342,10.263414067577795
rbc_0012.png,9.718014147578746,2.667315073900731,13.745087375984488
rbc_0013.png,6.802084963601675,2.6157223112733217,12.641756826883624
rbc_0014.png,6.165184138613137,2.8904097864019382,10.329686552979119
rbc_0015.png,8.58202932136157,2.9209888058049924,11.317434944485017
rbc_0016.png,8.17616558401539,1.8961158457672094,13.297131214538158
rbc_0017.png,7.440559159924332,2.917834859916561,15.66157993248438
rbc_0018.png,8.420843785278427,1.2620563464124739,12.856915961093172
rbc_0019.png,9.717169032572398,2.1993812174540013,14.393164703071633
rbc_0020.png,8.941877496300782,2.521109988621572,11.666848024258561
rbc_0021.png,9.115460717592363,2.9360504467790514,11.55035183177656
rbc_0022.png,5.777649847011695,2.299852772709975,14.989619830333801
rbc_0023.png,5.1007279190760055,1.5407273723243367,15.391324755860543
rbc_0024.png,7.402919937712829,2.317968116759528,13.573394044400292
rbc_0025.png,8.684404666910574,2.873739652587862,14.91217221904525
rbc_0026.png,5.9483167385793365,2.625571715285898,11.237863671757196
rbc_0027.png,7.786152075686209,2.371346917301483,11.07780141475077
rbc_0028.png,7.175430599977529,1.821014869844702,15.240871739544296
rbc_0029.png,7.874776731094113,1.1116803743063208,14.894201915898291
rbc_0030.png,8.221603816318524,1.597846967687671,15.717370506589571
rbc_0031.png,5.217899860114522,2.249323813647658,15.792434855580698
rbc_0032.png,6.406145606975993,2.411370697287785,14.559222788779373
rbc_0033.png,5.437794281734661,1.2462728304281248,15.693531277626104
rbc_0034.png,5.7802683430326915,2.6108591613131455,11.944392030698822
rbc_0035.png,5.444907677760341,2.8617210218763587,14.01144817504966
rbc_0036.png,6.313617404585043,1.390262524939845,14.425709996590038
rbc_0037.png,6.530085300718221,1.1874610472420941,14.665347307099548
rbc_0038.png,6.773172936471912,1.305084288306511,11.625976182866063
rbc_0039.png,5.151527877439201,2.365111569514248,11.87220227092154
rbc_0040.png,7.519731296822401,2.7472074567332876,10.136215255019952
rbc_0041.png,9.990812706554841,1.3862785036539427,12.266767234422627
rbc_0042.png,6.421787601259167,2.113877984569977,12.256184287281194
rbc_0043.png,5.848088078531837,1.4151589063100227,12.776788197341673
rbc_0044.png,9.13735868231368,2.3020747270813384,15.117176382024011
rbc_0045.png,5.9123082453642315,1.5643584237555541,11.592094563636676
rbc_0046.png,9.57842087098647,1.426539106399649,11.997757085861112
rbc_0047.png,6.171678226443846,1.343660839299815,14.450169812570753
rbc_0048.png,5.390296858272357,2.8176952558134825,12.558458262127527
rbc_0049.png,7.44253197102741,2.949161715325258,12.538422486337819
rbc_0050.png,7.675671756637847,1.2335446367607155,11.825618732311321
rbc_0051.png,6.018896697960004,1.7191228124064921,11.338577571239878
rbc_0052.png,7.865640137348866,2.1168941578636296,13.43468943119247
rbc_0053.png,8.658445610210254,2.7261670612046895,10.31747203907368
rbc_0054.png,9.208306975613038,2.905013858048889,15.48505802238494
rbc_0055.png,9.63189137805264,1.8804669351200238,10.447109000827021
rbc_0056.png,6.240899533093718,1.3801259044951222,10.819390123119586
rbc_0057.png,8.955457413379195,1.478401513402117,15.570933081542451
rbc_0058.png,7.996455774707559,1.3359784541674498,15.705145091458611
rbc_0059.png,6.50925655268771,2.629190237816845,10.288754331713736
rbc_0060.png,9.46683959571659,2.7903940504502494,14.707684826105847
rbc_0061.png,6.385722569850509,1.1082911679544334,10.885553395739047
rbc_0062.png,7.125139103440838,2.4389430446472664,10.202201818339537
rbc_0063.png,8.809803796059894,2.376441655972276,15.006482529935408
rbc_0064.png,7.814541124227537,2.0704236775393343,13.207166722414286
rbc_0065.png,5.644688231342543,1.8093546444430133,10.713744477505315
rbc_0066.png,9.905053232454648,1.1230346758562466,14.10787372704223
rbc_0067.png,5.235626397421859,1.0579495188304668,15.463375322898786
rbc_0068.png,8.104846462357255,2.012929245769117,12.225706362120249
rbc_0069.png,7.357980769012936,1.5014141729614763,10.091982894929897
rbc_0070.png,8.979909626768487,1.1142745448235367,14.46127438076919
rbc_0071.png,8.619442712232402,1.063179253302579,11.928140835689735
rbc_0072.png,8.09839211446466,1.5453096080182491,14.706560910411866
rbc_0073.png,6.1350857875866325,2.658426760239487,11.352127630203682
rbc_0074.png,7.0797636536408,1.9036848665703825,10.298855242845036
rbc_0075.png,8.074569305740903,1.2098061208055553,15.387527047777123
rbc_0076.png,5.864191201982531,1.1416263152647317,15.5652353359553
rbc_0077.png,7.905514323660505,2.2172566072515996,12.5443381792223
rbc_0078.png,5.3371770983161735,1.2926920268761026,14.278213082213675
rbc_0079.png,5.982343147580661,1.6488101499709444,14.955272861718823
rbc_0080.png,8.595842270170067,2.658536119928817,13.829037823099963
rbc_0081.png,8.583871877090875,1.8726201063208614,12.432690631263227
rbc_0082.png,6.413580969104948,1.590983293805675,15.83671207478313
rbc_0083.png,6.103377890250332,2.2409344875741803,12.029226932665186
rbc_0084.png,9.65919464672868,2.71210576704481,14.633612966273846
rbc_0085.png,8.179365142217714,1.9500055787000374,14.517821091432086
rbc_0086.png,6.995907764775181,1.2644810172549756,10.239617164369875
rbc_0087.png,5.956029631439547,1.1912834507815473,13.638728914437507
rbc_0088.png,8.031674213528328,1.5777161122037695,11.922436766528064
rbc_0089.png,6.581889660787442,2.1126030488859167,15.25043919741091
rbc_0090.png,5.808394248407386,1.4664923900661226,12.483838491779021
rbc_0091.png,9.436642147947222,1.0600295306747896,14.39134280935238
rbc_0092.png,7.420365908263712,1.9596246088340823,12.864683696458552
rbc_0093.png,9.184299714305578,1.2396127432472566,14.379143234877585
rbc_0094.png,7.0685278278795085,1.476762091018679,10.901584925953857
rbc_0095.png,8.394509312141285,2.3219741247821903,13.32615101854074
rbc_0096.png,8.275576305081977,1.2886828955183451,14.624091464293473
rbc_0097.png,7.515811279203002,1.7094147394488397,11.994847603540785
rbc_0098.png,8.957781283849842,2.621005591381934,13.638354854897408
rbc_0099.png,8.347683251030093,1.4455915129474506,12.092441814785925
rbc_0100.png,6.303785372891129,2.4685547290684955,12.403294567927142
rbc_0101.png,6.524063156673513,1.0810844650495102,12.773396974127214
rbc_0102.png,8.893416687018377,2.227863305457098,14.619462563934512
rbc_0103.png,5.2477540851615885,1.24732041249366,12.087721701441616
rbc_0104.png,8.774574563586516,1.9514285472675352,10.365482940649809
rbc_0105.png,5.5224985091265495,1.3752674234090045,11.864279551423973
rbc_0106.png,6.85643496371206,1.9749407079639356,11.182043256723142
rbc_0107.png,7.51333035380178,2.596610496977574,13.133605222386139
rbc_0108.png,7.999875082367922,1.0932871172906211,10.254960390406783
rbc_0109.png,5.894624374188563,1.031374175164998,13.919687997759556
rbc_0110.png,7.411726006125534,2.9060565008398394,10.51796522311613
rbc_0111.png,9.548697908979719,1.3829535341218464,12.033347875585902
rbc_0112.png,8.668955323615215,1.1680296473143579,10.333073116289231
rbc_0113.png,9.474882814249838,1.2617107937141627,11.408313981755269
rbc_0114.png,6.762339323958306,1.7419183068932746,13.034698414121147
rbc_0115.png,6.086954600414941,1.4480725206911411,15.655407957063966
rbc_0116.png,8.682736928180878,2.5570850982484634,13.162460630356598
rbc_0117.png,6.959746429309849,1.4859899657240367,13.95162688453219
rbc_0118.png,6.9970370345512976,2.384164271828393,10.842982937603406
rbc_0119.png,8.209263431414662,1.2761834041300095,11.723028157786686
rbc_0120.png,7.061346874511081,2.0659627812428996,12.725738824773316
rbc_0121.png,9.428846797596105,2.969000264235405,11.093512323364456
rbc_0122.png,5.618146304842312,1.6424099180024079,13.05229541608638
rbc_0123.png,8.62912639988542,1.8905649635964976,10.145674536233198
rbc_0124.png,8.257319563468396,1.7610360372752547,15.19353367153408
rbc_0125.png,8.200491562219593,2.3490650249550873,12.534389919203418
rbc_0126.png,9.306071349092452,2.7842138941549717,14.087195714548866
rbc_0127.png,7.066726275067735,1.3923437624456145,12.865684577660115
rbc_0128.png,8.140515905761324,2.9129308521853257,13.162403484158437
rbc_0129.png,7.680789206099613,1.3400644740089733,15.970271091000871
rbc_0130.png,5.593477667248466,2.441779642673903,10.366143950714674
rbc_0131.png,6.041545230508124,1.4620351148311719,15.279678917379009
rbc_0132.png,7.333698188376333,1.105717657130881,10.670613089035653
rbc_0133.png,8.408961219021796,2.263948116694201,13.766857333474853
rbc_0134.png,8.28117239565904,1.8761978514292221,12.040012570348127
rbc_0135.png,8.87976535004314,1.4866713887983534,14.709646619275984
rbc_0136.png,6.759916241605941,2.49006288970717,11.347074967262492
rbc_0137.png,8.182367109078303,2.7120868306467814,13.147134260425936
rbc_0138.png,5.97199844889507,1.2343607796036502,10.705017922143
rbc_0139.png,5.705928392003172,1.2084474116039101,10.367395839655824
rbc_0140.png,8.374750262486291,2.118156390323713,10.281365266356966
rbc_0141.png,7.493194915640841,1.0108771198167683,14.635621600498663
rbc_0142.png,8.419956546763759,2.108193644419903,12.475698225585564
rbc_0143.png,8.135540018650504,1.4750420373151856,11.797616213428212
rbc_0144.png,5.276147547948192,2.7297101088408438,15.79571915662698
rbc_0145.png,9.071863762166249,2.138584672202109,15.378839147042978
rbc_0146.png,5.389090768587175,1.4708897919990171,13.175976921909113
rbc_0147.png,9.906943766564968,2.713955599066546,14.193049871364632
rbc_0148.png,8.655971932464489,1.0361648350533637,13.366750214679433
rbc_0149.png,9.43990803207869,2.2903819197911304,10.600669601920256
rbc_0150.png,5.417074338585433,2.196151455369219,15.277036861691226
rbc_0151.png,7.939182034555242,1.5313739262283204,10.843387284480688
rbc_0152.png,8.551892710679036,2.783575610668024,10.064385202380352
rbc_0153.png,8.381178646381594,1.6628176880667958,12.077210924047069
rbc_0154.png,8.898460057246432,2.19877993110913,11.543187644902554
rbc_0155.png,6.618607783091104,1.8890145915779204,12.948664826539044
rbc_0156.png,9.377462478980373,2.586910328333224,11.619404618117244
rbc_0157.png,9.121035325628725,1.5557902108204626,15.292176251734526
rbc_0158.png,6.948113214197582,2.736285105145188,11.209104745304323
rbc_0159.png,8.429645362871153,1.627834687835366,11.31842999674181
rbc_0160.png,6.215182085224946,2.527609613921852,14.750032610201934
rbc_0161.png,7.677344671871182,2.473534076911302,15.087523062610735
rbc_0162.png,7.335177680162286,2.380270015242378,11.233874301465475
rbc_0163.png,8.36230981493412,1.8159782224993972,13.449269092245519
rbc_0164.png,6.550910769820462,1.878510779394885,15.506299673637697
rbc_0165.png,7.503500717436358,1.679059033104922,11.365072041976493
rbc_0166.png,8.218838771183655,1.5475178147376047,14.30603524641273
rbc_0167.png,7.512713358201366,1.962209467200731,12.207101259305993
rbc_0168.png,9.923611688938074,1.7987977492785485,15.517557022442103
rbc_0169.png,5.156548468889333,1.7566685575081218,13.640362300578893
rbc_0170.png,5.640221666781704,1.8963026574184199,13.649481924576172
rbc_0171.png,7.8280334580742394,1.0889333604068927,15.061877634983691
rbc_0172.png,7.415626494331794,2.330273737368164,10.402691185747294
rbc_0173.png,9.191149712043451,2.2544640015966317,12.642898446053206
rbc_0174.png,5.547443061039001,1.3141800701698623,15.576090323691894
rbc_0175.png,5.580066881423788,2.606116781443464,11.676038000404263
rbc_0176.png,9.140574685703935,1.5741990295162753,12.065001775340015
rbc_0177.png,5.805074791413842,2.6756990528218827,14.434752812480331
rbc_0178.png,5.685657307774565,1.4784140240282466,13.010307023599651
rbc_0179.png,9.577516028965437,1.0191181167721641,15.899800556839967
rbc_0180.png,5.950370158669956,2.3654336535834646,10.203628075292126
rbc_0181.png,5.74002833457961,2.12984444757453,13.290478265911965
rbc_0182.png,7.2206794295304935,2.3750669781623595,12.68815978894322
rbc_0183.png,5.816517199326759,1.4279373993530167,15.98436150667186
rbc_0184.png,8.420697614508027,2.790332771919113,11.363957863872029
rbc_0185.png,5.264574594266012,2.9069275438022544,13.642659308501642
rbc_0186.png,7.906784767511152,2.2918438525249334,15.37665029372332
rbc_0187.png,8.679606689863563,1.1444521247057187,12.002824351731224
rbc_0188.png,9.47448101955657,2.3666628397953744,11.291403534923615
rbc_0189.png,6.9470899062735345,1.963448554373779,12.806344385325097
rbc_0190.png,6.789784548583334,1.3772815242009568,10.018963684031865
rbc_0191.png,7.407565272219785,2.150265879755283,14.68505547281087
rbc_0192.png,8.493542368985267,1.363292218571436,15.787263765636734
rbc_0193.png,7.521433883571999,2.660744382780623,10.667453783351675
rbc_0194.png,6.651355355513992,2.828272694446998,10.555290892163566
rbc_0195.png,8.764276047012306,2.1815025392029836,13.278171379694765
rbc_0196.png,5.618345920554921,2.3971386957774805,11.332348275239863
rbc_0197.png,7.458022154390301,1.5174589706751975,12.05362999609508
rbc_0198.png,7.357102176197978,2.7031601936808785,14.595894260887487
rbc_0199.png,7.195249185189236,2.502321671310036,10.289318001867029
rbc_0200.png,8.561883740880864,1.7672112524433152,14.67659989475561
rbc_0201.png,8.396746004976853,1.5202587345377694,15.910180370589597
rbc_0202.png,9.126330100937004,2.679931428459739,15.990603209274243
rbc_0203.png,9.05147369523211,2.5384918548567956,13.856279576297405
rbc_0204.png,7.949481275331484,1.870639235071823,11.402180810930934
rbc_0205.png,5.935209166444403,1.3887230358137315,12.810538926243794
rbc_0206.png,7.016492483887946,1.7509258620485095,14.783656091179765
rbc_0207.png,5.145366942059884,2.1844222397183417,10.562696794518692
rbc_0208.png,9.418049681636173,1.4674222792967417,14.515677322327566
rbc_0209.png,7.576762183162594,1.59260396673438,14.834690515756533
rbc_0210.png,8.341909511333386,1.7188768849516682,12.3019025642648
rbc_0211.png,9.04909111657371,2.507558376544042,12.161251728056875
rbc_0212.png,5.493770797952977,2.3511849661407602,10.516880156269103
rbc_0213.png,5.809731907718797,2.0924720761363984,15.775609722019352
rbc_0214.png,9.241367909523078,2.9616258976387906,13.55901484384248
rbc_0215.png,9.016674509958023,1.243629579529881,10.073179711135698
rbc_0216.png,6.421116791241758,2.7544702245039225,12.563837043109285
rbc_0217.png,7.889400965210662,2.224892429037933,15.573009654616126
rbc_0218.png,8.946955685965975,2.4594160953606377,13.299561377718646
rbc_0219.png,8.45153112350586,2.911175639218089,12.565076544454714
rbc_0220.png,6.440938222019664,2.011739626450692,14.67568178468617
rbc_0221.png,8.69974449582869,2.705659806286957,14.761412118342598
rbc_0222.png,6.190985160672653,1.503983114326885,10.124960447466428
rbc_0223.png,9.33788774519985,1.9662403012089387,13.327152744291068
rbc_0224.png,8.721639760879045,2.21923575584284,14.475250646757727
rbc_0225.png,9.888714073048467,1.1032716960370015,13.891240243449554
rbc_0226.png,8.076221232619861,2.53021412287604,15.084756743055705
rbc_0227.png,5.726243641762165,1.7019134868249703,11.044279710104757
rbc_0228.png,8.528696943203641,2.251699214201785,14.756812830857502
rbc_0229.png,9.339629396096099,2.8491202409940115,13.020555091305464
rbc_0230.png,7.388715137899778,1.1851056555524573,14.082338755681835
rbc_0231.png,8.205634418907069,1.5079844243148286,10.967036724958161
rbc_0232.png,8.399497255237257,1.4884511459703527,13.417340173202092
rbc_0233.png,9.886014382534894,2.8141000217460364,10.182463624903304
rbc_0234.png,8.744517002903327,1.2685707581724375,15.266067486091048
rbc_0235.png,6.669957608271251,2.0699221259647507,10.18668324832179
rbc_0236.png,8.888049255788202,1.0863621873812748,13.697121778634074
rbc_0237.png,5.37851922850498,1.0615726700630121,12.182772803217771
rbc_0238.png,8.712919821109235,1.4433765950708526,10.48851073503168
rbc_0239.png,6.806077677813035,1.7507473353442138,13.328360250274272
rbc_0240.png,9.669959937265268,2.2654683832769384,13.297518667999125
rbc_0241.png,9.726705881349673,2.6737191667365012,13.237735900857015
rbc_0242.png,6.288843664880973,1.0106485984239788,10.023882521823776
rbc_0243.png,7.634638584243637,1.575181801551259,14.9113585648709
rbc_0244.png,7.419112970622077,2.9897617965789918,10.947338994636459
rbc_0245.png,5.56674899832709,1.5334858885611675,11.786890863712214
rbc_0246.png,9.695186385817845,2.1011482583483065,12.382352144897688
rbc_0247.png,8.792242063956026,2.929395623426659,11.636773103385991
rbc_0248.png,8.357865632260793,2.943198254397284,15.076764870895598
rbc_0249.png,5.648066524502179,1.351636964893114,15.865783389978
rbc_0250.png,9.637572345153309,1.7088472553970517,14.554219918046622
rbc_0251.png,8.539951199782516,1.3873881835154815,11.241814408261162
rbc_0252.png,8.933671527988931,2.3218741525608806,13.924715118293516
rbc_0253.png,7.075203865675403,1.267596958047652,12.672038686834917
rbc_0254.png,6.910981219660194,2.156896365535035,11.136175764061154
rbc_0255.png,8.777262714093272,2.2015425233628934,13.79188193590279
rbc_0256.png,7.956647600010133,2.7655891896674225,15.582035781222416
rbc_0257.png,8.870675895150967,1.351360370899567,10.391438200638317
rbc_0258.png,9.090010914980256,1.499492918911386,11.411619962260916
rbc_0259.png,6.982992815829608,2.800583389779739,13.285163377271822
rbc_0260.png,5.309973667242218,1.8667896657848708,10.539108044272336
rbc_0261.png,8.645856405073408,1.6531983645913022,15.839717832474506
rbc_0262.png,9.0679529378517,2.5872424387522357,13.946047078027345
rbc_0263.png,5.108175630404016,2.711065695917035,11.145887576981153
rbc_0264.png,7.32477346364218,2.125053638382224,13.991397056604159
rbc_0265.png,5.327116411586478,2.1847890711047877,14.476941987957513
rbc_0266.png,9.078653409030801,1.7494331907571747,15.170928687799124
rbc_0267.png,9.213096826016201,2.097249962189493,11.980955932622006
rbc_0268.png,6.020885131540545,1.349195933992843,12.437980215352056
rbc_0269.png,5.126237993506103,2.2393173040465135,14.76408211637681
rbc_0270.png,7.188542405802737,2.986337773805848,14.800123916142521
rbc_0271.png,8.973744799934169,2.750976792649865,12.244774372248408
rbc_0272.png,7.0583262194571486,1.864806018571029,14.451603646754736
rbc_0273.png,7.952062400702195,2.9301769463392877,15.096999362664505
rbc_0274.png,9.390991159936723,1.2107608933886247,14.304531255295913
rbc_0275.png,7.982818740161475,1.6532890637481978,15.226627557522377
rbc_0276.png,9.954273835701493,1.0606210796315214,11.423466881724812
rbc_0277.png,5.5356823488823,1.8775826254594397,15.39663701954531
rbc_0278.png,5.177281307431439,1.6470837884464722,12.344199014277784
rbc_0279.png,6.806269628308639,2.942041881342396,11.259836430276591
rbc_0280.png,6.645694198208928,1.3482599044564296,12.10347009975952
rbc_0281.png,9.976828939192814,2.599780411267053,10.670088703479864
rbc_0282.png,9.669654837330839,2.963432548643876,10.005351851467577
rbc_0283.png,7.5476460225943836,2.035218699190738,10.111465108879184
rbc_0284.png,7.475042025754396,1.437607090872015,12.60728511533957
rbc_0285.png,9.700492574164047,2.0829108420768607,11.86195060379066
rbc_0286.png,7.852304534798002,1.8349074041020073,13.016940458064244
rbc_0287.png,8.19281888210854,1.3967916873656507,15.61845817926353
rbc_0288.png,9.90429383889968,1.7414612041175261,12.65888709954867
rbc_0289.png,6.9033375811171656,1.5901251145343014,11.102483885192212
rbc_0290.png,6.247054150916059,2.8852307019503463,14.125392160633517
rbc_0291.png,6.797783586960704,2.6639563621641864,15.094645680411329
rbc_0292.png,9.97375309849813,2.074618329623422,11.096612784019541
rbc_0293.png,8.663762949478727,2.509508904491028,14.057776764149246
rbc_0294.png,6.7663919875936775,2.9848026525778013,12.40943338776526
rbc_0295.png,7.782369698219775,1.8887411231757087,15.06384654283268
rbc_0296.png,9.325169075725112,1.0727037609702006,11.619950164276478
rbc_0297.png,5.319985850438366,2.9695108075156793,12.936741568343306
rbc_0298.png,9.115900451736417,1.952101566583667,13.208144153529965
rbc_0299.png,7.139192446816933,2.0123715117279204,12.515293198576938
rbc_0300.png,6.420204290562093,1.2965158367711949,11.028747358406683
rbc_0301.png,9.529004362866653,2.8931280287487082,12.692465056216752
rbc_0302.png,6.412874793740526,1.318810355203866,10.669269251704792
rbc_0303.png,5.121269902039403,1.5300405650664537,14.668818196262706
rbc_0304.png,8.981498957566213,2.9199295870902917,11.495754193833607
rbc_0305.png,9.688980794459583,2.7659226301567017,14.126622664018536
rbc_0306.png,9.646637694597839,2.59211612340388,13.244404936133442
rbc_0307.png,7.540589438657147,2.4769411944562307,15.092147051245732
rbc_0308.png,5.925284445589908,1.0971402984051404,10.73247137529525
rbc_0309.png,6.127598519811692,1.9818456770722142,13.85617928341583
rbc_0310.png,7.635104233174413,2.6170134968166057,15.128656149091565
rbc_0311.png,8.15465205372352,1.4642898375734037,14.955580042172421
rbc_0312.png,9.848408824683025,2.6614681996744656,11.466703752898333
rbc_0313.png,7.78381805569936,1.274972365230304,14.54152590630971
rbc_0314.png,9.59959645571754,2.3861688857426815,14.204475249510734
rbc_0315.png,7.509528722302274,1.5506115876671915,12.75483275339403
rbc_0316.png,7.086169604521444,1.0549588334493112,12.384401734558365
rbc_0317.png,9.907682976618446,1.972400393890516,13.280737284878656
rbc_0318.png,6.511043769560613,1.1808767846605208,14.510419284039322
rbc_0319.png,8.711364602842103,1.0198051780275699,10.048516149776024
rbc_0320.png,9.325731164125262,1.6492433185804805,13.062312149598673
rbc_0321.png,5.578763026225471,1.579228657977592,13.26908722287291
rbc_0322.png,9.962649565773663,2.766820860984751,12.447150886494734
rbc_0323.png,9.964633944843108,2.482232699207284,11.045149997162687
rbc_0324.png,8.762685321254828,2.204657574795337,11.262367007741299
rbc_0325.png,7.357408142893801,1.2359397691669733,15.37471501158128
rbc_0326.png,8.063994678222288,1.9470350477103682,12.463451867825704
rbc_0327.png,8.964762375156058,2.869576408409927,15.911737493720596
rbc_0328.png,8.072809496340275,2.199112909907302,13.35325656322947
rbc_0329.png,9.504296975943376,1.62331640643789,14.430897317960392
rbc_0330.png,5.672741350977125,2.59576403455669,12.283881515290016
rbc_0331.png,9.461395814730118,1.8098084215017871,13.556229688956645
rbc_0332.png,8.476600104177622,1.1783991586635445,15.20930433934343
rbc_0333.png,6.256688994691332,2.265951029652594,15.617755976652896
rbc_0334.png,8.290604078491622,2.7907127473632194,12.830180542530721
rbc_0335.png,5.611678161836142,1.339429067444728,11.279215891834848
rbc_0336.png,7.451784565788131,1.356135309056518,15.42553815791306
rbc_0337.png,6.302194087288145,1.0858912584463083,15.899431832902682
rbc_0338.png,7.169302512329164,1.9338589861450777,12.966243527405002
rbc_0339.png,7.549213526217457,1.96036220526074,10.62775520811048
rbc_0340.png,8.541053579994596,2.0035723756150787,10.003041264036561
rbc_0341.png,7.672096483807427,2.8542988609428885,13.528055506361143
rbc_0342.png,5.132555429126478,1.7208914674773228,12.96257426764433
rbc_0343.png,8.970619204060679,1.3465261802455744,14.246141557311692
rbc_0344.png,9.326199642537679,1.1633084919228212,12.515577622803873
rbc_0345.png,6.873337013288082,1.6266868793025333,13.578522887281153
rbc_0346.png,8.527807907392186,2.8253638603422937,13.278371046285717
rbc_0347.png,5.558770633285343,1.8695014978090718,14.922916841804614
rbc_0348.png,6.971310834394377,2.3695201651788853,11.217545369515122
rbc_0349.png,7.378386315890792,2.831834995140876,10.445996398503993
rbc_0350.png,8.317362174862993,1.2535250447089052,12.215713740581934
rbc_0351.png,9.374829573246036,2.1126124549374286,12.43033231484663
rbc_0352.png,7.132752817395059,2.3637168268481368,15.531670436992119
rbc_0353.png,6.315092586246401,1.2567833850142545,14.1436442260656
rbc_0354.png,7.975583411860309,2.6932995577131864,12.159491078765239
rbc_0355.png,9.94784775290788,2.768475411475938,15.921049756821084
rbc_0356.png,7.397177034799498,1.4614395867574124,12.874984869592717
rbc_0357.png,5.969693974266656,2.949094279895351,10.480518970530932
rbc_0358.png,6.1148416353560435,2.664080828266325,15.670919873990707
rbc_0359.png,7.457633688693173,1.2798983733966034,15.827717877260227
rbc_0360.png,8.43633226563383,1.4091802653661467,11.976806996151524
rbc_0361.png,7.8738642780599495,1.3348263718692521,14.193050645329373
rbc_0362.png,7.396494447345308,1.6214546480519059,13.12171843372132
rbc_0363.png,9.367845318271355,2.2778886695795997,14.99457327847843
rbc_0364.png,6.238538123614914,1.8595033462016757,14.365793407117746
rbc_0365.png,9.93984582850938,2.3748872276830024,11.961780942379455
rbc_0366.png,9.244641155433364,1.8885608986590219,13.170869993961954
rbc_0367.png,9.086663623919897,1.2434271049320866,12.893541352318838
rbc_0368.png,7.07300925057525,2.808205413565241,12.925775711402139
rbc_0369.png,8.043874705881231,1.967842942775278,11.528733188023434
rbc_0370.png,5.192363006036974,1.2724367625719257,15.543772066329513
rbc_0371.png,8.650875480191647,2.791625705031464,11.310780742863972
rbc_0372.png,9.126925960666277,1.9229874331741668,11.512724378296486
rbc_0373.png,9.01763830737562,2.5609964590294094,12.002139769286881
rbc_0374.png,9.13912022666658,1.0441160816433994,10.125467577621711
rbc_0375.png,8.693489257393622,2.0090651121312293,11.625702711443875
rbc_0376.png,9.54044455753202,2.1741569344894778,11.40037106077005
rbc_0377.png,6.3267901146371734,2.5021001035404264,14.439624036066839
rbc_0378.png,7.9470603384631,1.8635388508897404,10.429968836001546
rbc_0379.png,8.349810343969253,2.0756571147306593,10.913716892956241
rbc_0380.png,6.5216787480423655,1.9909764600645612,10.16038515510158
rbc_0381.png,9.152493007530486,2.4249253756424163,10.883604707617655
rbc_0382.png,7.110598532178504,2.460622830990899,10.191269468722743
rbc_0383.png,6.608342259510653,1.3155929269472475,10.177084530940379
rbc_0384.png,9.447379282196783,2.998340845179087,15.089165728441902
rbc_0385.png,5.033171211709085,1.285064560123358,10.772650308783653
rbc_0386.png,9.391413108003807,1.6856768422355315,13.45981921563115
rbc_0387.png,6.734278182817999,1.94295389768354,10.84942915678763
rbc_0388.png,6.522063238304131,1.7529374600369976,11.03024911132671
rbc_0389.png,8.207099369841863,2.419002805904986,13.444752613016526
rbc_0390.png,6.836133460779688,1.312150545324377,13.90869763426399
rbc_0391.png,8.978643687295811,2.705199826637867,10.649039053170835
rbc_0392.png,7.648732487504031,1.3534035991224784,10.583573862662737
rbc_0393.png,7.695558169709925,1.2962310447101582,15.838207833753502
rbc_0394.png,7.623999983062832,2.4419417332138718,11.586258850047882
rbc_0395.png,6.892202882170708,2.456157015144605,11.240757999604067
rbc_0396.png,7.585655410752736,1.4874653730631537,12.772082408700507
rbc_0397.png,8.511684594110005,1.1568135134051067,11.225251212166535
rbc_0398.png,8.239232129394757,2.35956923881965,12.036000851559141
rbc_0399.png,8.235010280335747,1.9162525869488443,11.663772516569367
rbc_0400.png,7.005807344648126,1.9232003071984112,14.866167678337447
rbc_0401.png,5.307353467241638,2.048406246819291,12.806388602075963
rbc_0402.png,7.657163200363589,2.7038815485077214,11.27842801608411
rbc_0403.png,9.624770135892247,2.341359716911998,11.777625766715522
rbc_0404.png,6.598692096644313,1.647983090249016,13.126809630014915
rbc_0405.png,9.048624828362545,2.290847340974138,10.30402838418161
rbc_0406.png,9.954069040021333,1.7645743254001827,10.160194167047287
rbc_0407.png,7.02973257500598,2.8216339452976644,15.15169170721647
rbc_0408.png,6.675184381567022,1.053402347073613,11.931244056078901
rbc_0409.png,9.663029239814641,2.1278470273549863,10.53946302432641
rbc_0410.png,9.243408561257258,1.2608586323227495,10.84470265838238
rbc_0411.png,7.625130775878608,2.7478089571477646,14.694480891651844
rbc_0412.png,8.403871895371127,2.3494155133786174,15.551853086501774
rbc_0413.png,7.398283593883516,2.34487592128232,15.275174812293926
rbc_0414.png,8.645944446728615,1.9827579944459888,14.650743494237656
rbc_0415.png,8.48866299092468,2.7207558661690374,11.999969401027911
rbc_0416.png,8.054033931908997,2.0710541337085138,11.944926641525209
rbc_0417.png,7.738411762114541,2.846198555856968,13.721209291791496
rbc_0418.png,9.26863652548786,2.797222137750115,12.263211676881172
rbc_0419.png,9.73470242913907,2.692180445264497,11.628612627227646
rbc_0420.png,9.02384288989693,1.4882403075695632,14.781135621504744
rbc_0421.png,8.89594890777815,2.0001234608858227,10.319498969680094
rbc_0422.png,9.99450482007846,1.1577683910376286,10.882357693940527
rbc_0423.png,9.26865646361938,2.1041681436077857,11.047472573221201
rbc_0424.png,8.368720292610316,2.700822351722366,12.60488135767967
rbc_0425.png,8.093186189154688,1.7889246627136282,11.678715854478313
rbc_0426.png,7.651515856046736,1.0802167308813686,11.350956692608356
rbc_0427.png,7.000521143027052,2.7856323222849406,11.050637665377879
rbc_0428.png,6.913574422735711,1.1985874751436818,10.585568838047358
rbc_0429.png,5.513120742272019,2.7952880578698824,12.449623207766178
rbc_0430.png,8.120036554615153,2.540602280511984,12.297279648998703
rbc_0431.png,9.393296607827299,2.966266890021102,15.011773388870118
rbc_0432.png,5.211589787003909,2.2963795562413383,15.516607017812408
rbc_0433.png,7.705050659953576,1.1325733863069667,13.43798568430957
rbc_0434.png,9.827375333747906,2.2218477939088306,14.75566405498678
rbc_0435.png,5.6080402567513845,1.908297850574022,12.407953097486214
rbc_0436.png,6.598561852124517,2.27909793117702,14.34741327391392
rbc_0437.png,7.124990743711091,1.9644788407840235,11.566011889012831
rbc_0438.png,6.8002475530939455,2.2040463436507887,15.716516774698839
rbc_0439.png,5.581843142301427,2.626408209613486,11.495731392566476
rbc_0440.png,5.359745797666141,1.7849566711283988,15.181768019537778
rbc_0441.png,9.088655355076671,1.9002168142526292,15.907654557989101
rbc_0442.png,7.536679385417554,1.8194854690421085,15.171397873244086
rbc_0443.png,9.625087033042018,2.802979261482639,14.363052799870573
rbc_0444.png,7.1730074411450175,1.708664975573897,10.59367859861163
rbc_0445.png,7.558023572488963,2.773034919450386,12.64444519564713
rbc_0446.png,7.484536922284471,2.941570505221618,10.526317867359376
rbc_0447.png,7.825693743270472,1.9871077514136357,12.328148200040118
rbc_0448.png,6.472534748089593,2.869872196190216,11.552413904635392
rbc_0449.png,7.726567097033486,2.143821043097229,13.1231263112799
rbc_0450.png,7.745785373879273,2.6232719482497378,10.454656295564535
rbc_0451.png,5.0640492234156245,2.268072285872441,10.47692706639233
rbc_0452.png,7.167992570198864,1.5454807696322128,10.354250009054565
rbc_0453.png,5.344481828190507,1.9974837911560037,14.686273681495972
rbc_0454.png,5.896713698714183,2.9173644692095264,12.503091771194425
rbc_0455.png,8.329669384654641,2.690787578651772,15.394183117230076
rbc_0456.png,8.900803555627965,2.445420560281515,10.82621315231726
rbc_0457.png,9.900796183923596,1.7600857066828888,14.973862613321582
rbc_0458.png,7.593083162061943,2.723047137731328,13.945315077776861
rbc_0459.png,8.727990732471422,1.6889365472620346,13.44714013129908
rbc_0460.png,5.888272050864025,1.6662571918795626,12.547479747738862
rbc_0461.png,6.22696199435222,1.547280273824501,15.274521598607251
rbc_0462.png,5.740511300956012,2.6829281535015257,14.534742560176431
rbc_0463.png,8.91043158272895,1.8609954560066049,10.188502540904715
rbc_0464.png,7.8148491405000975,1.1814702825210226,14.814938337601674
rbc_0465.png,7.2865139626657776,1.3123239610458666,13.656846657467732
rbc_0466.png,9.562351508608032,1.9009772395612554,15.729771647729645
rbc_0467.png,7.591104463259809,2.1631128638440646,13.657189893336067
rbc_0468.png,5.259913759274497,2.413897568961569,12.060044163468058
rbc_0469.png,5.019791111496005,2.90688676157616,13.482874989853432
rbc_0470.png,8.756045582653837,1.141120910497914,10.885090288705495
rbc_0471.png,5.293703444020147,2.9814072933508116,12.644624757197036
rbc_0472.png,7.759979332680777,2.059535683146345,12.073863292503873
rbc_0473.png,5.181365900143481,2.935338156048158,10.69250621264312
rbc_0474.png,6.713118575752142,2.925703223231327,10.656246154831482
rbc_0475.png,6.988041369565503,1.3214287222626613,14.565374503308957
rbc_0476.png,7.565216439404046,2.807541930054743,15.536698197631798
rbc_0477.png,6.494155374827762,1.8412597895186393,14.413972070555861
rbc_0478.png,9.33159159997672,2.528640261273679,13.722067244127924
rbc_0479.png,6.017251647001255,2.8947654057823784,10.745930381058132
rbc_0480.png,9.26169356036955,1.7605968060900588,10.391442660849627
rbc_0481.png,9.4824358762243,2.3679516535496035,10.120679219913592
rbc_0482.png,6.106265527807951,2.124615932919685,12.355478350190408
rbc_0483.png,7.919386665276543,2.556178834041562,12.137186538415268
rbc_0484.png,9.226722928920974,1.8036531699949618,14.140267854438692
rbc_0485.png,9.291605254690133,2.695423108272916,14.643056543336943
rbc_0486.png,8.494251388204955,2.9936107554521683,15.144015766427367
rbc_0487.png,6.297756187861615,1.7359006599852926,10.439346587645165
rbc_0488.png,5.9838866590406266,2.1174919018233767,14.90763368375461
rbc_0489.png,8.551148651958517,1.2191713739946834,10.678672468582057
rbc_0490.png,8.398404292102693,1.5776968786817094,12.075666681271516
rbc_0491.png,6.86779184705915,2.8943867801531615,14.75009883537729
rbc_0492.png,5.891309404834302,2.9575385436670496,15.098181020024379
rbc_0493.png,8.376106640511598,2.3765568240974337,13.874941456627619
rbc_0494.png,8.885565136012774,2.756750212120231,14.302463283798978
rbc_0495.png,8.890729323444244,1.9380465318380862,10.739910044378107
rbc_0496.png,9.301072330579663,2.9284618997504817,12.262046712764262
rbc_0497.png,9.681969049148051,1.0011157807970057,10.89264400887972
rbc_0498.png,5.2244617881720306,2.044449325773474,12.112391609919644
rbc_0499.png,9.96555845956329,1.6475124963502656,14.880137450373947
